<?xml version="1.0" encoding="UTF-8"?>
<!DOCTYPE mapper PUBLIC "-//mybatis.org//DTD Mapper 3.0//EN" "http://mybatis.org/dtd/mybatis-3-mapper.dtd">
<mapper namespace="com.merck.dao.mapper.DataMapper">
  <resultMap id="BaseResultMap" type="com.merck.dao.domain.Data">
    <id column="D_ID" jdbcType="INTEGER" property="dId" />
    <result column="NAME" jdbcType="VARCHAR" property="name" />
    <result column="PHONE" jdbcType="VARCHAR" property="phone" />
    <result column="ID_CARD" jdbcType="VARCHAR" property="idCard" />
    <result column="VISITOR" jdbcType="VARCHAR" property="visitor" />
    <result column="DEPT" jdbcType="VARCHAR" property="dept" />
    <result column="STATUS" jdbcType="VARCHAR" property="status" />
    <result column="CREATE_TIME" jdbcType="VARCHAR" property="createTime" />
    <result column="IN_TIME" jdbcType="VARCHAR" property="inTime" />
    <result column="OUT_TIME" jdbcType="VARCHAR" property="outTime" />
    <result column="FILLER1" jdbcType="VARCHAR" property="filler1" />
    <result column="FILLER2" jdbcType="VARCHAR" property="filler2" />
    <result column="FILLER3" jdbcType="VARCHAR" property="filler3" />
  </resultMap>
  <sql id="Example_Where_Clause">
    <where>
      <foreach collection="oredCriteria" item="criteria" separator="or">
        <if test="criteria.valid">
          <trim prefix="(" prefixOverrides="and" suffix=")">
            <foreach collection="criteria.criteria" item="criterion">
              <choose>
                <when test="criterion.noValue">
                  and ${criterion.condition}
                </when>
                <when test="criterion.singleValue">
                  and ${criterion.condition} #{criterion.value}
                </when>
                <when test="criterion.betweenValue">
                  and ${criterion.condition} #{criterion.value} and #{criterion.secondValue}
                </when>
                <when test="criterion.listValue">
                  and ${criterion.condition}
                  <foreach close=")" collection="criterion.value" item="listItem" open="(" separator=",">
                    #{listItem}
                  </foreach>
                </when>
              </choose>
            </foreach>
          </trim>
        </if>
      </foreach>
    </where>
  </sql>
  <sql id="Update_By_Example_Where_Clause">
    <where>
      <foreach collection="example.oredCriteria" item="criteria" separator="or">
        <if test="criteria.valid">
          <trim prefix="(" prefixOverrides="and" suffix=")">
            <foreach collection="criteria.criteria" item="criterion">
              <choose>
                <when test="criterion.noValue">
                  and ${criterion.condition}
                </when>
                <when test="criterion.singleValue">
                  and ${criterion.condition} #{criterion.value}
                </when>
                <when test="criterion.betweenValue">
                  and ${criterion.condition} #{criterion.value} and #{criterion.secondValue}
                </when>
                <when test="criterion.listValue">
                  and ${criterion.condition}
                  <foreach close=")" collection="criterion.value" item="listItem" open="(" separator=",">
                    #{listItem}
                  </foreach>
                </when>
              </choose>
            </foreach>
          </trim>
        </if>
      </foreach>
    </where>
  </sql>
  <sql id="Base_Column_List">
    D_ID, NAME, PHONE, ID_CARD, VISITOR, DEPT, STATUS, CREATE_TIME, IN_TIME, OUT_TIME, 
    FILLER1, FILLER2, FILLER3
  </sql>
  <select id="selectByExample" parameterType="com.merck.dao.domain.DataExample" resultMap="BaseResultMap">
    select
    <if test="distinct">
      distinct
    </if>
    'true' as QUERYID,
    <include refid="Base_Column_List" />
    from tb_data
    <if test="_parameter != null">
      <include refid="Example_Where_Clause" />
    </if>
    <if test="orderByClause != null">
      order by ${orderByClause}
    </if>
  </select>
  <select id="selectByPrimaryKey" parameterType="java.lang.Integer" resultMap="BaseResultMap">
    select 
    <include refid="Base_Column_List" />
    from tb_data
    where D_ID = #{dId,jdbcType=INTEGER}
  </select>
  <delete id="deleteByPrimaryKey" parameterType="java.lang.Integer">
    delete from tb_data
    where D_ID = #{dId,jdbcType=INTEGER}
  </delete>
  <delete id="deleteByExample" parameterType="com.merck.dao.domain.DataExample">
    delete from tb_data
    <if test="_parameter != null">
      <include refid="Example_Where_Clause" />
    </if>
  </delete>
  <insert id="insert" parameterType="com.merck.dao.domain.Data">
    insert into tb_data (D_ID, NAME, PHONE, 
      ID_CARD, VISITOR, DEPT, 
      STATUS, CREATE_TIME, IN_TIME, 
      OUT_TIME, FILLER1, FILLER2, 
      FILLER3)
    values (#{dId,jdbcType=INTEGER}, #{name,jdbcType=VARCHAR}, #{phone,jdbcType=VARCHAR}, 
      #{idCard,jdbcType=VARCHAR}, #{visitor,jdbcType=VARCHAR}, #{dept,jdbcType=VARCHAR}, 
      #{status,jdbcType=VARCHAR}, #{createTime,jdbcType=VARCHAR}, #{inTime,jdbcType=VARCHAR}, 
      #{outTime,jdbcType=VARCHAR}, #{filler1,jdbcType=VARCHAR}, #{filler2,jdbcType=VARCHAR}, 
      #{filler3,jdbcType=VARCHAR})
  </insert>
  <insert id="insertSelective" parameterType="com.merck.dao.domain.Data">
    insert into tb_data
    <trim prefix="(" suffix=")" suffixOverrides=",">
      <if test="dId != null">
        D_ID,
      </if>
      <if test="name != null">
        NAME,
      </if>
      <if test="phone != null">
        PHONE,
      </if>
      <if test="idCard != null">
        ID_CARD,
      </if>
      <if test="visitor != null">
        VISITOR,
      </if>
      <if test="dept != null">
        DEPT,
      </if>
      <if test="status != null">
        STATUS,
      </if>
      <if test="createTime != null">
        CREATE_TIME,
      </if>
      <if test="inTime != null">
        IN_TIME,
      </if>
      <if test="outTime != null">
        OUT_TIME,
      </if>
      <if test="filler1 != null">
        FILLER1,
      </if>
      <if test="filler2 != null">
        FILLER2,
      </if>
      <if test="filler3 != null">
        FILLER3,
      </if>
    </trim>
    <trim prefix="values (" suffix=")" suffixOverrides=",">
      <if test="dId != null">
        #{dId,jdbcType=INTEGER},
      </if>
      <if test="name != null">
        #{name,jdbcType=VARCHAR},
      </if>
      <if test="phone != null">
        #{phone,jdbcType=VARCHAR},
      </if>
      <if test="idCard != null">
        #{idCard,jdbcType=VARCHAR},
      </if>
      <if test="visitor != null">
        #{visitor,jdbcType=VARCHAR},
      </if>
      <if test="dept != null">
        #{dept,jdbcType=VARCHAR},
      </if>
      <if test="status != null">
        #{status,jdbcType=VARCHAR},
      </if>
      <if test="createTime != null">
        #{createTime,jdbcType=VARCHAR},
      </if>
      <if test="inTime != null">
        #{inTime,jdbcType=VARCHAR},
      </if>
      <if test="outTime != null">
        #{outTime,jdbcType=VARCHAR},
      </if>
      <if test="filler1 != null">
        #{filler1,jdbcType=VARCHAR},
      </if>
      <if test="filler2 != null">
        #{filler2,jdbcType=VARCHAR},
      </if>
      <if test="filler3 != null">
        #{filler3,jdbcType=VARCHAR},
      </if>
    </trim>
  </insert>
  <select id="countByExample" parameterType="com.merck.dao.domain.DataExample" resultType="java.lang.Long">
    select count(*) from tb_data
    <if test="_parameter != null">
      <include refid="Example_Where_Clause" />
    </if>
  </select>
  <update id="updateByExampleSelective" parameterType="map">
    update tb_data
    <set>
      <if test="record.dId != null">
        D_ID = #{record.dId,jdbcType=INTEGER},
      </if>
      <if test="record.name != null">
        NAME = #{record.name,jdbcType=VARCHAR},
      </if>
      <if test="record.phone != null">
        PHONE = #{record.phone,jdbcType=VARCHAR},
      </if>
      <if test="record.idCard != null">
        ID_CARD = #{record.idCard,jdbcType=VARCHAR},
      </if>
      <if test="record.visitor != null">
        VISITOR = #{record.visitor,jdbcType=VARCHAR},
      </if>
      <if test="record.dept != null">
        DEPT = #{record.dept,jdbcType=VARCHAR},
      </if>
      <if test="record.status != null">
        STATUS = #{record.status,jdbcType=VARCHAR},
      </if>
      <if test="record.createTime != null">
        CREATE_TIME = #{record.createTime,jdbcType=VARCHAR},
      </if>
      <if test="record.inTime != null">
        IN_TIME = #{record.inTime,jdbcType=VARCHAR},
      </if>
      <if test="record.outTime != null">
        OUT_TIME = #{record.outTime,jdbcType=VARCHAR},
      </if>
      <if test="record.filler1 != null">
        FILLER1 = #{record.filler1,jdbcType=VARCHAR},
      </if>
      <if test="record.filler2 != null">
        FILLER2 = #{record.filler2,jdbcType=VARCHAR},
      </if>
      <if test="record.filler3 != null">
        FILLER3 = #{record.filler3,jdbcType=VARCHAR},
      </if>
    </set>
    <if test="_parameter != null">
      <include refid="Update_By_Example_Where_Clause" />
    </if>
  </update>
  <update id="updateByExample" parameterType="map">
    update tb_data
    set D_ID = #{record.dId,jdbcType=INTEGER},
      NAME = #{record.name,jdbcType=VARCHAR},
      PHONE = #{record.phone,jdbcType=VARCHAR},
      ID_CARD = #{record.idCard,jdbcType=VARCHAR},
      VISITOR = #{record.visitor,jdbcType=VARCHAR},
      DEPT = #{record.dept,jdbcType=VARCHAR},
      STATUS = #{record.status,jdbcType=VARCHAR},
      CREATE_TIME = #{record.createTime,jdbcType=VARCHAR},
      IN_TIME = #{record.inTime,jdbcType=VARCHAR},
      OUT_TIME = #{record.outTime,jdbcType=VARCHAR},
      FILLER1 = #{record.filler1,jdbcType=VARCHAR},
      FILLER2 = #{record.filler2,jdbcType=VARCHAR},
      FILLER3 = #{record.filler3,jdbcType=VARCHAR}
    <if test="_parameter != null">
      <include refid="Update_By_Example_Where_Clause" />
    </if>
  </update>
  <update id="updateByPrimaryKeySelective" parameterType="com.merck.dao.domain.Data">
    update tb_data
    <set>
      <if test="name != null">
        NAME = #{name,jdbcType=VARCHAR},
      </if>
      <if test="phone != null">
        PHONE = #{phone,jdbcType=VARCHAR},
      </if>
      <if test="idCard != null">
        ID_CARD = #{idCard,jdbcType=VARCHAR},
      </if>
      <if test="visitor != null">
        VISITOR = #{visitor,jdbcType=VARCHAR},
      </if>
      <if test="dept != null">
        DEPT = #{dept,jdbcType=VARCHAR},
      </if>
      <if test="status != null">
        STATUS = #{status,jdbcType=VARCHAR},
      </if>
      <if test="createTime != null">
        CREATE_TIME = #{createTime,jdbcType=VARCHAR},
      </if>
      <if test="inTime != null">
        IN_TIME = #{inTime,jdbcType=VARCHAR},
      </if>
      <if test="outTime != null">
        OUT_TIME = #{outTime,jdbcType=VARCHAR},
      </if>
      <if test="filler1 != null">
        FILLER1 = #{filler1,jdbcType=VARCHAR},
      </if>
      <if test="filler2 != null">
        FILLER2 = #{filler2,jdbcType=VARCHAR},
      </if>
      <if test="filler3 != null">
        FILLER3 = #{filler3,jdbcType=VARCHAR},
      </if>
    </set>
    where D_ID = #{dId,jdbcType=INTEGER}
  </update>
  <update id="updateByPrimaryKey" parameterType="com.merck.dao.domain.Data">
    update tb_data
    set NAME = #{name,jdbcType=VARCHAR},
      PHONE = #{phone,jdbcType=VARCHAR},
      ID_CARD = #{idCard,jdbcType=VARCHAR},
      VISITOR = #{visitor,jdbcType=VARCHAR},
      DEPT = #{dept,jdbcType=VARCHAR},
      STATUS = #{status,jdbcType=VARCHAR},
      CREATE_TIME = #{createTime,jdbcType=VARCHAR},
      IN_TIME = #{inTime,jdbcType=VARCHAR},
      OUT_TIME = #{outTime,jdbcType=VARCHAR},
      FILLER1 = #{filler1,jdbcType=VARCHAR},
      FILLER2 = #{filler2,jdbcType=VARCHAR},
      FILLER3 = #{filler3,jdbcType=VARCHAR}
    where D_ID = #{dId,jdbcType=INTEGER}
  </update>
</mapper>