<?xml version="1.0" encoding="UTF-8"?>
<!DOCTYPE mapper PUBLIC "-//mybatis.org//DTD Mapper 3.0//EN" "http://mybatis.org/dtd/mybatis-3-mapper.dtd">
<mapper namespace="com.merck.dao.mapper.UserMapper">
  <resultMap id="BaseResultMap" type="com.merck.dao.domain.User">
    <id column="USER_NAME" jdbcType="VARCHAR" property="userName" />
    <result column="PASSWORD" jdbcType="VARCHAR" property="password" />
    <result column="FILLER1" jdbcType="VARCHAR" property="filler1" />
    <result column="FILLER2" jdbcType="VARCHAR" property="filler2" />
    <result column="FILLER3" jdbcType="VARCHAR" property="filler3" />
  </resultMap>
  <sql id="Example_Where_Clause">
    <where>
      <foreach collection="oredCriteria" item="criteria" separator="or">
        <if test="criteria.valid">
          <trim prefix="(" prefixOverrides="and" suffix=")">
            <foreach collection="criteria.criteria" item="criterion">
              <choose>
                <when test="criterion.noValue">
                  and ${criterion.condition}
                </when>
                <when test="criterion.singleValue">
                  and ${criterion.condition} #{criterion.value}
                </when>
                <when test="criterion.betweenValue">
                  and ${criterion.condition} #{criterion.value} and #{criterion.secondValue}
                </when>
                <when test="criterion.listValue">
                  and ${criterion.condition}
                  <foreach close=")" collection="criterion.value" item="listItem" open="(" separator=",">
                    #{listItem}
                  </foreach>
                </when>
              </choose>
            </foreach>
          </trim>
        </if>
      </foreach>
    </where>
  </sql>
  <sql id="Update_By_Example_Where_Clause">
    <where>
      <foreach collection="example.oredCriteria" item="criteria" separator="or">
        <if test="criteria.valid">
          <trim prefix="(" prefixOverrides="and" suffix=")">
            <foreach collection="criteria.criteria" item="criterion">
              <choose>
                <when test="criterion.noValue">
                  and ${criterion.condition}
                </when>
                <when test="criterion.singleValue">
                  and ${criterion.condition} #{criterion.value}
                </when>
                <when test="criterion.betweenValue">
                  and ${criterion.condition} #{criterion.value} and #{criterion.secondValue}
                </when>
                <when test="criterion.listValue">
                  and ${criterion.condition}
                  <foreach close=")" collection="criterion.value" item="listItem" open="(" separator=",">
                    #{listItem}
                  </foreach>
                </when>
              </choose>
            </foreach>
          </trim>
        </if>
      </foreach>
    </where>
  </sql>
  <sql id="Base_Column_List">
    USER_NAME, PASSWORD, FILLER1, FILLER2, FILLER3
  </sql>
  <select id="selectByExample" parameterType="com.merck.dao.domain.UserExample" resultMap="BaseResultMap">
    select
    <if test="distinct">
      distinct
    </if>
    'true' as QUERYID,
    <include refid="Base_Column_List" />
    from tb_user
    <if test="_parameter != null">
      <include refid="Example_Where_Clause" />
    </if>
    <if test="orderByClause != null">
      order by ${orderByClause}
    </if>
  </select>
  <select id="selectByPrimaryKey" parameterType="java.lang.String" resultMap="BaseResultMap">
    select 
    <include refid="Base_Column_List" />
    from tb_user
    where USER_NAME = #{userName,jdbcType=VARCHAR}
  </select>
  <delete id="deleteByPrimaryKey" parameterType="java.lang.String">
    delete from tb_user
    where USER_NAME = #{userName,jdbcType=VARCHAR}
  </delete>
  <delete id="deleteByExample" parameterType="com.merck.dao.domain.UserExample">
    delete from tb_user
    <if test="_parameter != null">
      <include refid="Example_Where_Clause" />
    </if>
  </delete>
  <insert id="insert" parameterType="com.merck.dao.domain.User">
    insert into tb_user (USER_NAME, PASSWORD, FILLER1, 
      FILLER2, FILLER3)
    values (#{userName,jdbcType=VARCHAR}, #{password,jdbcType=VARCHAR}, #{filler1,jdbcType=VARCHAR}, 
      #{filler2,jdbcType=VARCHAR}, #{filler3,jdbcType=VARCHAR})
  </insert>
  <insert id="insertSelective" parameterType="com.merck.dao.domain.User">
    insert into tb_user
    <trim prefix="(" suffix=")" suffixOverrides=",">
      <if test="userName != null">
        USER_NAME,
      </if>
      <if test="password != null">
        PASSWORD,
      </if>
      <if test="filler1 != null">
        FILLER1,
      </if>
      <if test="filler2 != null">
        FILLER2,
      </if>
      <if test="filler3 != null">
        FILLER3,
      </if>
    </trim>
    <trim prefix="values (" suffix=")" suffixOverrides=",">
      <if test="userName != null">
        #{userName,jdbcType=VARCHAR},
      </if>
      <if test="password != null">
        #{password,jdbcType=VARCHAR},
      </if>
      <if test="filler1 != null">
        #{filler1,jdbcType=VARCHAR},
      </if>
      <if test="filler2 != null">
        #{filler2,jdbcType=VARCHAR},
      </if>
      <if test="filler3 != null">
        #{filler3,jdbcType=VARCHAR},
      </if>
    </trim>
  </insert>
  <select id="countByExample" parameterType="com.merck.dao.domain.UserExample" resultType="java.lang.Long">
    select count(*) from tb_user
    <if test="_parameter != null">
      <include refid="Example_Where_Clause" />
    </if>
  </select>
  <update id="updateByExampleSelective" parameterType="map">
    update tb_user
    <set>
      <if test="record.userName != null">
        USER_NAME = #{record.userName,jdbcType=VARCHAR},
      </if>
      <if test="record.password != null">
        PASSWORD = #{record.password,jdbcType=VARCHAR},
      </if>
      <if test="record.filler1 != null">
        FILLER1 = #{record.filler1,jdbcType=VARCHAR},
      </if>
      <if test="record.filler2 != null">
        FILLER2 = #{record.filler2,jdbcType=VARCHAR},
      </if>
      <if test="record.filler3 != null">
        FILLER3 = #{record.filler3,jdbcType=VARCHAR},
      </if>
    </set>
    <if test="_parameter != null">
      <include refid="Update_By_Example_Where_Clause" />
    </if>
  </update>
  <update id="updateByExample" parameterType="map">
    update tb_user
    set USER_NAME = #{record.userName,jdbcType=VARCHAR},
      PASSWORD = #{record.password,jdbcType=VARCHAR},
      FILLER1 = #{record.filler1,jdbcType=VARCHAR},
      FILLER2 = #{record.filler2,jdbcType=VARCHAR},
      FILLER3 = #{record.filler3,jdbcType=VARCHAR}
    <if test="_parameter != null">
      <include refid="Update_By_Example_Where_Clause" />
    </if>
  </update>
  <update id="updateByPrimaryKeySelective" parameterType="com.merck.dao.domain.User">
    update tb_user
    <set>
      <if test="password != null">
        PASSWORD = #{password,jdbcType=VARCHAR},
      </if>
      <if test="filler1 != null">
        FILLER1 = #{filler1,jdbcType=VARCHAR},
      </if>
      <if test="filler2 != null">
        FILLER2 = #{filler2,jdbcType=VARCHAR},
      </if>
      <if test="filler3 != null">
        FILLER3 = #{filler3,jdbcType=VARCHAR},
      </if>
    </set>
    where USER_NAME = #{userName,jdbcType=VARCHAR}
  </update>
  <update id="updateByPrimaryKey" parameterType="com.merck.dao.domain.User">
    update tb_user
    set PASSWORD = #{password,jdbcType=VARCHAR},
      FILLER1 = #{filler1,jdbcType=VARCHAR},
      FILLER2 = #{filler2,jdbcType=VARCHAR},
      FILLER3 = #{filler3,jdbcType=VARCHAR}
    where USER_NAME = #{userName,jdbcType=VARCHAR}
  </update>
</mapper>